Seed,Output,Reproducible?,Variation Type
42,"Â be a hero. But the hero isnÂ not a hero. There is no hero, and there is no hero. The hero is a her",True,Generic
123,_____ have a role in a world that is not _____ _____ _____ _____ _____ _____ _____ _____ _____ _____,True,Generic
456,"Â be killed to keep the world alive.‏



The world is a dark place, and it‏
When I was young, I was ",True,Generic
789,"____ be a hero, and a hero must ____ be a hero. ____ has no idea how it works, but the reason is to ",True,Task-like
