{
  "generated_at": "2025-12-09T10:35:20.625854",
  "characters": {
    "warrior": {
      "name": "Âthe Great Wizard.",
      "backstory": "Âhis father was a farmer. Âhis grandfather was a teacher. Âhis mother was a farmer. Âhis father was a farmer. Âhis father was a farmer. Âhis mother was a farmer. Âhis father was a farmer. Âhis mother was a farmer. Âhis mother was a farmer. Âhis father was a farmer. Âhis father was a farmer. Âhis mother was a farmer. Âhis father was a farmer.",
      "motivation": "Âchange the world? Âthe Great Wizard is a man of good, evil, and magic. his name is King of the Universe, and he is a hero of the Universe. He has to take the best step forward in this world and take a world where he can become a legend.",
      "special_ability": "urchin and turn the world into a paradise in the form of a super powered Wizard. The Wizard has a total of twenty abilities, with four of them being magic."
    },
    "mage": {
      "name": "verna.",
      "backstory": "verna. was born in a small village. verna. was born in a small village. verna. was born in a small village. verna. was born in a small village. verna. was born in a small village. verna. was born in a small village. verna. was born in a small village. verna. was born in a small village. verna. was born in a small village. verna.",
      "motivation": "verna. It's the same, same, same, same. It's the same, same, same, same. It's the same, same.\n\n\n\n\n\n\nThe game of racking up $1.",
      "special_ability": "ㅡㅡㅡㅡㅡㅡㅡㅡㅡㅡㅡㅡㅡㅡㅡㅡ�"
    },
    "rogue": {
      "name": "icky.",
      "backstory": "icky. was born in a small village.\n\n\nI was born in the village of Dao, the town that was the birthplace of the new Xian Dynasty. The girl was born in the village of Cao, the town that was the birthplace of the new Xian Dynasty. The girl was born in the village of Cao, the town that was the birthplace of the new Xian Dynasty. The girl was born in the village of Cao, the town that was the birthplace of the new Xian Dynasty.",
      "motivation": "icky. forward? A deep desire to icky. forward? A deep desire to icky. forward? A deep desire to icky. forward? A deep desire to icky. forward? A deep desire to icky. forward? A deep desire to icky. forward? A deep desire to icky.",
      "special_ability": "ive as much as possible and not only use the power of a weapon to defend itself."
    },
    "cleric": {
      "name": "",
      "backstory": "We were very lucky to have a friend who helped us through it.   We were quite lucky to have a friend who helped us through it.   We were quite lucky to have a friend who helped us through it.   We were quite lucky to have a friend who helped us through it.   We were quite lucky to have a friend who helped us through it.   We were quite lucky to have a friend who helped us through it.",
      "motivation": " ive ive ive ive ive ive ive ive ive ive ive ive ive ive ive ive ive ive ive ive ive ive ive ive ive ive ive ive ive ive ive ive ive",
      "special_ability": "____ make changes in your life."
    }
  },
  "quests": [
    {
      "number": 1,
      "title": "Quest 1: The Dragon's Curse",
      "description": "The land has been found and the human race has been destroyed, but the heroes have                \nThe  land is a little underpopulated, but it is now in the wild and the heroes have          \nThe land is a small forest with a small village and a small village.",
      "reward": "iced coffee (1 cup) of coffee for each of the four characters."
    },
    {
      "number": 2,
      "title": "Quest 2: Defeat the Shadow Lord",
      "description": "urchase his destiny. He is still the Hero of the world.\n\n“I am here to rescue and make sure you stay safe and to help you,“\n“I“\nThe Hero of the World“\n“I have done it for the sake of the world.\n“I will do it for you. I hope you will find me again.",
      "reward": "【N] for his efforts to defeat the evil of the monsters."
    },
    {
      "number": 3,
      "title": "Quest 3: Rescue the Innocent",
      "description": "find his way back into the dungeon and bring his team up with him. In the battle, the hero must find his way back into the dungeon and bring his team up with him. In the battle, the hero must find his way back into the dungeon and bring his team up with him. In the battle, the hero must find his way back into the dungeon and bring his team up with him.",
      "reward": "『The Blade of the Blade of the Blade of the Blade of the Blade of the Blade of the Blade of the Blade of the Blade of the Blade of the Blade of the Blade of the Blade of the Blade of"
    }
  ],
  "world": {
    "world_name": "a \"dark place\" and it is",
    "creation_myth": "ichai.\n\n\n\nThe city of Shoshone, the town of Shoshone, is located in a large and mountainous area, with some of the most densely populated areas in the area.\nA common name for the area is the Shoshone-Hai, which is named after the Shoshone, which was a Japanese city founded in 1894.\nHowever, in the early 2000s, a small number of people began living in Shoshone.",
    "geography": "vernacular, literary, and cultural references.\nThe books contain a list of the names of the authors and the authors.",
    "current_conflict": "The realm now faces a terrible threat:!\"\n\n\n\nThe first time a big-name player has taken on a new role in the game has been a rookie. His current role is to oversee the team‒s roster, where he will lead the team‒s offensive line. At times, the player has been playing on a different team, where he will take on the most important responsibilities."
  },
  "items": {
    "Sword of the Ancient Kings": {
      "name": "Sword of the Ancient Kings",
      "type": "weapon",
      "description": "『Sword of the Ancient Kings'』 and the attack is not a weapon.",
      "lore": "the first title of Sword of the Ancient Kings. This was the first title of Sword of the Ancient Kings. This was the first title of Sword of the Ancient Kings. This was the first title of Sword of the Ancient Kings.\n\n\n\nSo what's this all about?\nTo me, this is what we call a ‘new title’. This is a title that seems to be a pretty old name.",
      "effects": "(the magical properties of Sword of the Ancient Kings include   (the magical properties of Sword of the Ancient Kings include   (the magical properties of Sword of the Ancient Kings include   (the magical properties of Sword of the Ancient Kings include   (the magical properties of Sword"
    },
    "Cloak of Shadows": {
      "name": "Cloak of Shadows",
      "type": "armor",
      "description": "iced up and reworked after being used in the original.\n\n\n\n\nThe Dragon Slayer is a new addition to the Dragon Slayer.\n\n\n\n\n\nThe Dragon Slayer was originally a dragon-themed armor, but was removed due to the lack of a proper armor.",
      "lore": "iced by Gwyneth Paltrow.",
      "effects": "vernacular and non-mural characteristics. The most notable is the ability to look up to your surroundings, even if they aren't there, as well as to look up to you."
    },
    "Potion of Revival": {
      "name": "Potion of Revival",
      "type": "potion",
      "description": "iced from the potion. If you have the potion, you can use the potion to restore your health.",
      "lore": "iced up, and that it is now made for the game’s new game.\n\n\n\n\n\"A new dungeon is on the way to the beginning, and it’s not something that we’ve seen before,\" says the developer.\n\"The main thing we want to do is to take away the barriers to entry, and that is why we’re making a game that is fun to play.",
      "effects": "【1-2】 (3-5】 (6-7】 (8-9】) (10-11】 (12-13】 (14-15】) (16-17】) (18-19】) (20-21】) (22-23】)"
    },
    "Amulet of Protection": {
      "name": "Amulet of Protection",
      "type": "artifact",
      "description": "iphone from the ancient kingdom of Akashima. It appears to be the key to the Amulet of Protection.",
      "lore": "Legend says that Amulet of Protection was once?????...and now it seems as though there is a plan to build a new version of the game.\n\n\nThe game is now on Steam, so we will be working on it later on.",
      "effects": "urn, gem, gem, ring, and gem."
    }
  },
  "dialogues": {
    "Elder Thorus": {
      "context": "greeting",
      "dialogue": "_____\nWhen did the first time that the planet's first planet came into existence?\nWell, you know, the first time that you went to space was when you first encountered the planet, in the year 4 of the 20th century."
    },
    "Mage Lynthia": {
      "context": "quest",
      "dialogue": "__________________________________________"
    },
    "Guard Captain": {
      "context": "warning",
      "dialogue": "____\nI have never seen a man who could not resist fighting a battle on the streets of London.\nYou should know he has always fought for the lives of his fellow citizens who are often caught up in the political and political turmoil surrounding the City."
    },
    "Innkeeper Morn": {
      "context": "reward",
      "dialogue": "_______________________________________________\n\nThe world has become a globalised world, and more people are not only in the United States and Europe, they are also in the United Kingdom and the United States."
    }
  }
}