{
  "generated_at": "2025-12-09T10:33:10.031011",
  "model": "DistilGPT-2",
  "parameters_tested": {
    "temperature": [
      0.5,
      0.7,
      1.0
    ],
    "seed": [
      42,
      123,
      456
    ],
    "max_length": [
      30,
      60,
      100
    ]
  },
  "assets": {
    "fantasy_names": [
      {
        "temperature": 0.5,
        "name": "信顲没 信顲"
      },
      {
        "temperature": 0.7,
        "name": "Â"
      },
      {
        "temperature": 1.0,
        "name": "Â"
      }
    ],
    "quests": [
      {
        "seed": 42,
        "quest": "Â be a hero. But the hero isnÂ not a hero. There is no hero, and there is no hero. The hero is a hero. The hero is a hero. The hero is a hero. The hero is a hero. The hero is a hero. The hero is a hero. The hero is a hero. The hero is a"
      },
      {
        "seed": 123,
        "quest": "_____ have a role in a world that is not _____ _____ _____ _____ _____ _____ _____ _____ _____ _____ _____ _____ _____ _____ _____ _____ _____ _____ _____ _____ _____ _____ _____ _____ _____ _____ _____ _____ _____ _____"
      },
      {
        "seed": 456,
        "quest": "Â be killed to keep the world alive.‏\n\n\n\nThe world is a dark place, and it‏\nWhen I was young, I was the first person to see this. I was the first person to see this. I was the first to see this. I was the first to see this. I was the first to"
      }
    ],
    "items": [
      {
        "id": 1,
        "item": "アップ」 The magical item was a treasure and was found by the player."
      },
      {
        "id": 2,
        "item": "『『『『』』』・『』』~\n\nI got an extremely powerful (or at least extremely powerful) magic item called 「『『』』』・『』~\nI got a lot more power and more power.\nI really like to"
      },
      {
        "id": 3,
        "item": "ichaiya’s Magic Book.\n\nThis magic item was first found in an antique shop in the city of Chico, but since its existence, it has been given to a man named Puma, whose name was also used in the Book of the Dragon"
      }
    ],
    "lore": [
      {
        "temperature": 0.6,
        "lore": "vernacular use in the Middle Ages."
      },
      {
        "temperature": 0.8,
        "lore": "iced tea that was made by the Greeks. This tea is a type of tea that is popular in Greek. It has a lot of taste and flavor, but it is not very tasty and not very high in quality. The taste and quality of the tea is not very good. I hope you have enjoyed this tea! If you enjoy this tea, then this one is your perfect gift!"
      }
    ]
  }
}